num_images,runtime_seconds,estimated_cost_usd,accuracy
5,17.3524169921875,1.6049999999999997e-05,0.0
10,25.950134754180908,2.4075e-05,0.0
